<?xml version="1.0" encoding="UTF-8"?>
<!DOCTYPE suite SYSTEM "https://testng.org/testng-1.0.dtd">
<suite name="Suite">
  <test name="PruebasenChrome">  
   <parameter name="navegador" value="Chrome"/>
    <classes>
      <class name="pruebas.CrossBrowserTest" />
    </classes>
  </test> <!-- Test -->
  <test name="PruebasenFirefox">  
   <parameter name="navegador" value="Firefox"/>
      <classes>
        <class name="pruebas.CrossBrowserTest" />
       </classes>
  </test> <!-- Test -->
</suite> <!-- Suite -->
